customer_id,full_name,age,gender,city,state,phone,email,created_at
1,"Deepak Rao",27,Male,Nagpur,Maharashtra,9714097318,deepak.rao377@outlook.com,"2023-09-27 00:00:00"
2,"Aditya Malhotra",38,Male,Patna,Bihar,9836371599,aditya.malhotra806@gmail.com,"2024-11-13 00:00:00"
3,"Simran Menon",59,Male,Ahmedabad,Gujarat,9783563240,simran.menon204@outlook.com,"2022-11-07 00:00:00"
4,"Atharv Gupta",40,Female,Delhi,Delhi,9722312633,atharv.gupta383@yahoo.com,"2022-08-03 00:00:00"
5,"Tanvi Banerjee",68,Female,Kolkata,"West Bengal",9315601773,tanvi.banerjee145@outlook.com,"2025-01-22 00:00:00"
6,"Yash Sen",31,Male,Srinagar,"Jammu & Kashmir",9985503942,yash.sen976@rediffmail.com,"2023-09-27 00:00:00"
7,"Suresh Joshi",50,Male,Chennai,"Tamil Nadu",9909763993,suresh.joshi999@yahoo.com,"2024-04-23 00:00:00"
8,"Kavita Mehta",26,Female,Mumbai,Maharashtra,9383960237,kavita.mehta559@gmail.com,"2024-08-19 00:00:00"
9,"Manoj Bose",58,Female,Meerut,"Uttar Pradesh",9785637052,manoj.bose972@outlook.com,"2022-09-09 00:00:00"
10,"Isha Rao",22,Female,Varanasi,"Uttar Pradesh",9702806585,isha.rao345@yahoo.com,"2022-06-09 00:00:00"
11,"Ankur Mukherjee",62,Female,Hyderabad,Telangana,9250084428,ankur.mukherjee56@gmail.com,"2023-10-16 00:00:00"
12,"Harsh Joshi",27,Male,Varanasi,"Uttar Pradesh",9677186272,harsh.joshi148@rediffmail.com,"2024-08-17 00:00:00"
13,"Manoj Srivastava",47,Female,Nashik,Maharashtra,9880179899,manoj.srivastava168@rediffmail.com,"2022-08-21 00:00:00"
14,"Tushar Jain",47,Male,Delhi,Delhi,9841183219,tushar.jain389@yahoo.com,"2024-07-27 00:00:00"
15,"Nikhil Das",44,Male,Ludhiana,Punjab,9494422907,nikhil.das567@outlook.com,"2022-06-04 00:00:00"
16,"Sanjay Sen",33,Male,Rajkot,Gujarat,9984968439,sanjay.sen475@gmail.com,"2023-04-10 00:00:00"
17,"Usha Verma",24,Male,Ahmedabad,Gujarat,9235209737,usha.verma815@yahoo.com,"2022-06-20 00:00:00"
18,"Rekha Pillai",58,Male,Meerut,"Uttar Pradesh",9350180427,rekha.pillai346@yahoo.com,"2022-02-05 00:00:00"
19,"Neha Yadav",29,Female,Jaipur,Rajasthan,9957397689,neha.yadav188@gmail.com,"2022-03-24 00:00:00"
20,"Dhruv Sharma",43,Male,Patna,Bihar,9447646966,dhruv.sharma26@yahoo.com,"2023-07-28 00:00:00"
21,"Sai Mishra",68,Female,Visakhapatnam,"Andhra Pradesh",9222030010,sai.mishra773@gmail.com,"2024-10-02 00:00:00"
22,"Sachin Mehta",53,Female,Hyderabad,Telangana,9585337126,sachin.mehta525@yahoo.com,"2022-04-29 00:00:00"
23,"Shubham Mukherjee",50,Other,Mumbai,Maharashtra,9165310776,shubham.mukherjee500@rediffmail.com,"2024-06-22 00:00:00"
24,"Advik Naidu",66,Female,Bengaluru,Karnataka,9186748119,advik.naidu339@yahoo.com,"2022-06-14 00:00:00"
25,"Dhruv Sen",60,Other,Patna,Bihar,9688793237,dhruv.sen739@outlook.com,"2024-03-21 00:00:00"
26,"Usha Tiwari",39,Female,Visakhapatnam,"Andhra Pradesh",9750072069,usha.tiwari450@gmail.com,"2022-09-22 00:00:00"
27,"Rekha Pillai",48,Female,Varanasi,"Uttar Pradesh",9345343109,rekha.pillai433@outlook.com,"2024-08-16 00:00:00"
28,"Anil Chopra",67,Male,Surat,Gujarat,9558234365,anil.chopra330@outlook.com,"2024-03-07 00:00:00"
29,"Aarush Rao",25,Male,Meerut,"Uttar Pradesh",9191659287,aarush.rao105@rediffmail.com,"2022-08-16 00:00:00"
30,"Manoj Mishra",56,Male,Patna,Bihar,9702998820,manoj.mishra585@outlook.com,"2022-10-08 00:00:00"
31,"Rakesh Ghosh",63,Female,Rajkot,Gujarat,9874233009,rakesh.ghosh62@outlook.com,"2023-11-01 00:00:00"
32,"Vijay Shah",57,Female,Pune,Maharashtra,9266140258,vijay.shah682@rediffmail.com,"2023-05-05 00:00:00"
33,"Advik Ghosh",56,Male,Hyderabad,Telangana,9918841563,advik.ghosh295@yahoo.com,"2024-06-27 00:00:00"
34,"Kavita Jain",60,Other,Ghaziabad,"Uttar Pradesh",9697794767,kavita.jain36@outlook.com,"2022-03-31 00:00:00"
35,"Navya Sen",65,Male,Srinagar,"Jammu & Kashmir",9464883950,navya.sen369@gmail.com,"2023-02-06 00:00:00"
36,"Ritvik Shukla",63,Female,Bengaluru,Karnataka,9252336745,ritvik.shukla768@gmail.com,"2022-08-06 00:00:00"
37,"Lakshmi Pillai",45,Female,Thane,Maharashtra,9466034277,lakshmi.pillai171@outlook.com,"2023-10-31 00:00:00"
38,"Rohit Shukla",59,Male,Varanasi,"Uttar Pradesh",9156488296,rohit.shukla169@yahoo.com,"2022-05-12 00:00:00"
39,"Ishaan Sen",49,Other,Indore,"Madhya Pradesh",9621475287,ishaan.sen631@rediffmail.com,"2024-05-28 00:00:00"
40,"Kavya Pillai",53,Male,Kanpur,"Uttar Pradesh",9561616250,kavya.pillai123@outlook.com,"2024-10-23 00:00:00"
41,"Lakshmi Mukherjee",23,Male,Nagpur,Maharashtra,9743520276,lakshmi.mukherjee66@gmail.com,"2023-03-25 00:00:00"
42,"Divya Pillai",29,Male,Lucknow,"Uttar Pradesh",9452318696,divya.pillai132@gmail.com,"2024-11-14 00:00:00"
43,"Gaurav Iyer",29,Female,Pimpri,Maharashtra,9855561271,gaurav.iyer245@outlook.com,"2022-06-27 00:00:00"
44,"Sanjay Gupta",48,Male,Thane,Maharashtra,9183604337,sanjay.gupta892@outlook.com,"2024-06-28 00:00:00"
45,"Anita Malhotra",66,Other,Indore,"Madhya Pradesh",9410864588,anita.malhotra127@rediffmail.com,"2022-03-14 00:00:00"
46,"Rohit Nair",60,Female,Meerut,"Uttar Pradesh",9840463141,rohit.nair951@outlook.com,"2022-07-30 00:00:00"
47,"Gaurav Shah",36,Female,Patna,Bihar,9529979713,gaurav.shah546@gmail.com,"2024-04-20 00:00:00"
48,"Meera Roy",35,Male,Ranchi,Jharkhand,9280531127,meera.roy88@gmail.com,"2025-01-21 00:00:00"
49,"Rishabh Reddy",43,Male,Nashik,Maharashtra,9979339361,rishabh.reddy670@yahoo.com,"2023-05-29 00:00:00"
50,"Advik Yadav",37,Male,Kolkata,"West Bengal",9746820987,advik.yadav166@gmail.com,"2023-01-28 00:00:00"
51,"Harsh Tata",57,Female,Thane,Maharashtra,9831361497,harsh.tata956@outlook.com,"2023-11-09 00:00:00"
52,"Aarush Bajaj",25,Female,Thane,Maharashtra,9777944609,aarush.bajaj320@outlook.com,"2022-05-26 00:00:00"
53,"Vijay Pandey",25,Male,Thane,Maharashtra,9585238820,vijay.pandey48@gmail.com,"2024-02-25 00:00:00"
54,"Simran Kumar",62,Male,Vadodara,Gujarat,9737888347,simran.kumar529@rediffmail.com,"2024-09-04 00:00:00"
55,"Sita Tripathi",68,Male,Thane,Maharashtra,9969533218,sita.tripathi595@yahoo.com,"2023-11-20 00:00:00"
56,"Manjula Rao",53,Male,Delhi,Delhi,9583745511,manjula.rao115@outlook.com,"2022-07-22 00:00:00"
57,"Yash Iyer",23,Male,Agra,"Uttar Pradesh",9570039364,yash.iyer459@yahoo.com,"2024-02-15 00:00:00"
58,"Manoj Chatterjee",45,Female,Ranchi,Jharkhand,9463318956,manoj.chatterjee705@gmail.com,"2023-12-17 00:00:00"
59,"Ayaan Roy",27,Female,Ludhiana,Punjab,9515070154,ayaan.roy300@outlook.com,"2022-12-04 00:00:00"
60,"Amit Patel",58,Other,Chennai,"Tamil Nadu",9475617211,amit.patel327@rediffmail.com,"2022-10-22 00:00:00"
61,"Usha Patel",40,Female,Nagpur,Maharashtra,9790945624,usha.patel820@outlook.com,"2022-10-19 00:00:00"
62,"Lakshmi Patel",62,Other,Indore,"Madhya Pradesh",9645985356,lakshmi.patel380@gmail.com,"2024-02-12 00:00:00"
63,"Meera Iyer",34,Male,Ranchi,Jharkhand,9622129427,meera.iyer206@yahoo.com,"2022-11-08 00:00:00"
64,"Aarush Kumar",39,Male,Visakhapatnam,"Andhra Pradesh",9927720428,aarush.kumar562@gmail.com,"2023-12-21 00:00:00"
65,"Dhruv Agarwal",45,Male,Kolkata,"West Bengal",9294181873,dhruv.agarwal861@yahoo.com,"2024-07-15 00:00:00"
66,"Reyansh Chopra",44,Other,Nashik,Maharashtra,9355046107,reyansh.chopra464@outlook.com,"2024-08-07 00:00:00"
67,"Isha Srivastava",36,Male,Faridabad,Haryana,9942211135,isha.srivastava490@yahoo.com,"2024-02-23 00:00:00"
68,"Anita Bajaj",50,Male,Ranchi,Jharkhand,9510032406,anita.bajaj524@rediffmail.com,"2022-12-28 00:00:00"
69,"Diya Agarwal",29,Male,Delhi,Delhi,9788460744,diya.agarwal502@outlook.com,"2025-03-11 00:00:00"
70,"Advik Tiwari",28,Male,Bengaluru,Karnataka,9919390458,advik.tiwari174@outlook.com,"2024-08-08 00:00:00"
71,"Rishabh Yadav",48,Male,Srinagar,"Jammu & Kashmir",9338411494,rishabh.yadav846@rediffmail.com,"2024-01-16 00:00:00"
72,"Vihaan Chopra",24,Female,Visakhapatnam,"Andhra Pradesh",9501538092,vihaan.chopra251@rediffmail.com,"2022-07-17 00:00:00"
73,"Manoj Menon",22,Male,Srinagar,"Jammu & Kashmir",9206389694,manoj.menon869@outlook.com,"2022-11-26 00:00:00"
74,"Kabir Gupta",39,Female,Agra,"Uttar Pradesh",9992398092,kabir.gupta152@rediffmail.com,"2024-08-06 00:00:00"
75,"Aarav Patel",22,Male,Pune,Maharashtra,9996534803,aarav.patel163@rediffmail.com,"2022-09-15 00:00:00"
76,"Simran Das",40,Male,Delhi,Delhi,9356022467,simran.das439@rediffmail.com,"2022-06-08 00:00:00"
77,"Pranav Naidu",59,Female,Mumbai,Maharashtra,9778556450,pranav.naidu537@yahoo.com,"2022-11-21 00:00:00"
78,"Tanvi Khanna",21,Female,Kanpur,"Uttar Pradesh",9358303887,tanvi.khanna594@rediffmail.com,"2023-02-18 00:00:00"
79,"Ishaan Tiwari",44,Male,Visakhapatnam,"Andhra Pradesh",9684203557,ishaan.tiwari529@gmail.com,"2024-04-09 00:00:00"
80,"Karan Gupta",61,Female,Kanpur,"Uttar Pradesh",9372354893,karan.gupta775@gmail.com,"2024-02-01 00:00:00"
81,"Ayaan Ghosh",36,Other,Ludhiana,Punjab,9774585778,ayaan.ghosh116@outlook.com,"2022-10-31 00:00:00"
82,"Reyansh Ghosh",55,Male,Meerut,"Uttar Pradesh",9790196540,reyansh.ghosh189@rediffmail.com,"2024-10-07 00:00:00"
83,"Navya Mishra",25,Other,Ranchi,Jharkhand,9591429705,navya.mishra47@outlook.com,"2023-03-19 00:00:00"
84,"Reyansh Reddy",23,Male,Srinagar,"Jammu & Kashmir",9432941445,reyansh.reddy537@rediffmail.com,"2025-02-16 00:00:00"
85,"Karan Bose",23,Other,Pune,Maharashtra,9407209235,karan.bose375@gmail.com,"2023-12-11 00:00:00"
86,"Kavya Joshi",44,Female,Varanasi,"Uttar Pradesh",9529520110,kavya.joshi771@rediffmail.com,"2024-04-01 00:00:00"
87,"Suresh Iyer",52,Other,Bhopal,"Madhya Pradesh",9494435754,suresh.iyer956@outlook.com,"2022-07-19 00:00:00"
88,"Mohit Patel",48,Female,Meerut,"Uttar Pradesh",9293763673,mohit.patel568@outlook.com,"2023-11-19 00:00:00"
89,"Advik Patel",41,Other,Lucknow,"Uttar Pradesh",9429097422,advik.patel466@rediffmail.com,"2023-01-07 00:00:00"
90,"Nikhil Ghosh",49,Male,Nashik,Maharashtra,9478557676,nikhil.ghosh639@rediffmail.com,"2023-08-16 00:00:00"
91,"Arnav Kumar",63,Other,Nagpur,Maharashtra,9490102359,arnav.kumar535@yahoo.com,"2022-04-04 00:00:00"
92,"Ritvik Agarwal",64,Female,Delhi,Delhi,9235538456,ritvik.agarwal78@yahoo.com,"2024-02-20 00:00:00"
93,"Sandeep Kapoor",57,Male,Vadodara,Gujarat,9264752975,sandeep.kapoor705@rediffmail.com,"2024-02-29 00:00:00"
94,"Manoj Bajaj",25,Female,Chennai,"Tamil Nadu",9668503222,manoj.bajaj385@rediffmail.com,"2023-11-05 00:00:00"
95,"Neha Das",28,Male,Nashik,Maharashtra,9299767568,neha.das521@rediffmail.com,"2025-03-26 00:00:00"
96,"Advait Bose",37,Other,Thane,Maharashtra,9330393232,advait.bose636@outlook.com,"2024-11-01 00:00:00"
97,"Diya Joshi",29,Male,Thane,Maharashtra,9285388355,diya.joshi930@rediffmail.com,"2022-07-29 00:00:00"
98,"Rahul Ghosh",66,Male,Pimpri,Maharashtra,9682152066,rahul.ghosh307@outlook.com,"2022-12-19 00:00:00"
99,"Ananya Mehta",53,Male,Hyderabad,Telangana,9315801027,ananya.mehta821@yahoo.com,"2023-05-30 00:00:00"
100,"Harsh Verma",44,Female,Patna,Bihar,9496115351,harsh.verma488@yahoo.com,"2022-07-26 00:00:00"
